{
  "voiceline_id": "doorman_power4_on_frank",
  "timestamp": "2025-08-18T21:00:33.288897",
  "segments": [
    {
      "start": 0.0,
      "end": 6.400000095367432,
      "text": " You've looked so hard for answers, Victor, yet they still elude you.",
      "part": 1
    },
    {
      "start": 6.400000095367432,
      "end": 8.079999923706055,
      "text": " It must be exhausting.",
      "part": 2
    },
    {
      "start": 8.079999923706055,
      "end": 10.039999961853027,
      "text": " Take a moment to rest.",
      "part": 3
    },
    {
      "start": 10.039999961853027,
      "end": 12.880000114440918,
      "text": " The mysteries of your past will be there tomorrow.",
      "part": 4
    }
  ]
}