{
  "voiceline_id": "doorman_power4_on_synth",
  "timestamp": "2025-08-18T21:00:46.807964",
  "segments": [
    {
      "start": 0.0,
      "end": 5.400000095367432,
      "text": " Eren, your mother and father love you, and would be glad to see you come home.",
      "part": 1
    },
    {
      "start": 5.400000095367432,
      "end": 8.100000381469727,
      "text": " Ho ho ho ho ho ho ho ho!",
      "part": 2
    },
    {
      "start": 8.100000381469727,
      "end": 10.699999809265137,
      "text": " Sorry, I tried, but I couldn't keep a straight face.",
      "part": 3
    },
    {
      "start": 10.699999809265137,
      "end": 12.699999809265137,
      "text": " You have no home.",
      "part": 4
    }
  ]
}