{
  "voiceline_id": "doorman_power4_generic_07",
  "timestamp": "2025-08-18T19:12:47.998014",
  "segments": [
    {
      "start": 0.0,
      "end": 3.200000047683716,
      "text": " Personally, I'm impressed with your will to live.",
      "part": 1
    },
    {
      "start": 3.200000047683716,
      "end": 6.679999828338623,
      "text": " It's futile and pointless, but inspiring.",
      "part": 2
    },
    {
      "start": 6.679999828338623,
      "end": 12.15999984741211,
      "text": " Like watching a colony of ants working to carry a strawberry, blissfully unaware of",
      "part": 3
    },
    {
      "start": 12.15999984741211,
      "end": 14.640000343322754,
      "text": " the gardener turning on the hose.",
      "part": 4
    }
  ]
}