{
  "voiceline_id": "dynamo_last_one_standing_03",
  "timestamp": "2025-05-13T16:25:29.012114",
  "segments": [
    {
      "start": 0.0,
      "end": 1.5,
      "text": " Okay, just breathe, I'll be fine.",
      "part": 1
    },
    {
      "start": 1.5,
      "end": 2.4000000953674316,
      "text": " What's the worst that could happen?",
      "part": 2
    },
    {
      "start": 2.4000000953674316,
      "end": 3.5999999046325684,
      "text": " They kill me?",
      "part": 3
    },
    {
      "start": 3.5999999046325684,
      "end": 5.199999809265137,
      "text": " Okay, that sounds pretty bad.",
      "part": 4
    }
  ]
}