{
  "voiceline_id": "newscaster_headline_78",
  "timestamp": "2025-05-12T04:52:36.537448",
  "segments": [
    {
      "start": 0.0,
      "end": 4.760000228881836,
      "text": " The Supreme Court is poised to rule on the Fairfax Fair Tax Bill next session.",
      "part": 1
    },
    {
      "start": 4.760000228881836,
      "end": 9.039999961853027,
      "text": " Will our 50th state remain in the Union, or will Fairfax Industries successfully regain",
      "part": 2
    },
    {
      "start": 9.039999961853027,
      "end": 11.680000305175781,
      "text": " its sovereignty over the island of Cadenza?",
      "part": 3
    },
    {
      "start": 11.680000305175781,
      "end": 12.960000038146973,
      "text": " Only time will tell.",
      "part": 4
    }
  ]
}