{
  "voiceline_id": "yamato_effort_general_02",
  "timestamp": "2025-10-13T23:48:04.853404",
  "segments": [
    {
      "start": 0.30000001192092896,
      "end": 5.699999809265137,
      "text": " Bottom line, the link which presented the simplest and easier way to do it is going to be used during the next weeks of our class.",
      "part": 1
    },
    {
      "start": 5.699999809265137,
      "end": 8.699999809265137,
      "text": " Instead of the simplest way of doing it, we go to Lent and we go back to 2018 so that we can speed up.",
      "part": 2
    },
    {
      "start": 8.699999809265137,
      "end": 12.600000381469727,
      "text": " And now, just for the duration of time,",
      "part": 3
    },
    {
      "start": 12.600000381469727,
      "end": 21.100000381469727,
      "text": " master Summit and the rest for the link for 2020.",
      "part": 4
    }
  ]
}